Changes made at Mon Sep  1 03:27:44 UTC 2025
Changes made at Mon Sep  1 03:28:19 UTC 2025
Changes made at Mon Sep  1 03:28:57 UTC 2025
Changes made at Mon Sep  1 03:36:50 UTC 2025
Changes made at Mon Sep  1 08:20:26 UTC 2025
Changes made at Mon Sep  1 10:16:03 UTC 2025
Changes made at Mon Sep  1 14:13:22 UTC 2025
Changes made at Mon Sep  1 16:16:29 UTC 2025
Changes made at Tue Sep  2 08:19:26 UTC 2025
Changes made at Tue Sep  2 10:15:16 UTC 2025
Changes made at Tue Sep  2 14:14:14 UTC 2025
Changes made at Tue Sep  2 16:16:58 UTC 2025
Changes made at Wed Sep  3 08:18:19 UTC 2025
Changes made at Wed Sep  3 10:13:50 UTC 2025
Changes made at Wed Sep  3 14:13:54 UTC 2025
Changes made at Wed Sep  3 16:16:26 UTC 2025
Changes made at Thu Sep  4 08:18:14 UTC 2025
Changes made at Thu Sep  4 10:14:15 UTC 2025
Changes made at Thu Sep  4 14:13:24 UTC 2025
Changes made at Thu Sep  4 16:16:46 UTC 2025
Changes made at Fri Sep  5 08:18:21 UTC 2025
Changes made at Fri Sep  5 10:14:15 UTC 2025
Changes made at Fri Sep  5 14:12:50 UTC 2025
Changes made at Fri Sep  5 16:16:46 UTC 2025
Changes made at Sat Sep  6 08:15:37 UTC 2025
Changes made at Sat Sep  6 10:12:03 UTC 2025
Changes made at Sat Sep  6 14:10:42 UTC 2025
Changes made at Sat Sep  6 16:14:31 UTC 2025
Changes made at Sun Sep  7 08:15:36 UTC 2025
Changes made at Sun Sep  7 10:12:36 UTC 2025
Changes made at Sun Sep  7 14:10:49 UTC 2025
Changes made at Sun Sep  7 16:14:28 UTC 2025
Changes made at Mon Sep  8 08:20:22 UTC 2025
Changes made at Mon Sep  8 10:15:45 UTC 2025
Changes made at Mon Sep  8 14:14:06 UTC 2025
Changes made at Mon Sep  8 16:15:53 UTC 2025
Changes made at Tue Sep  9 08:19:22 UTC 2025
Changes made at Tue Sep  9 10:14:49 UTC 2025
Changes made at Tue Sep  9 14:11:50 UTC 2025
Changes made at Tue Sep  9 16:17:39 UTC 2025
Changes made at Wed Sep 10 08:18:37 UTC 2025
Changes made at Wed Sep 10 10:14:01 UTC 2025
Changes made at Wed Sep 10 14:13:14 UTC 2025
Changes made at Wed Sep 10 16:16:51 UTC 2025
Changes made at Thu Sep 11 08:18:29 UTC 2025
Changes made at Thu Sep 11 10:14:04 UTC 2025
Changes made at Thu Sep 11 14:14:09 UTC 2025
Changes made at Thu Sep 11 16:16:49 UTC 2025
Changes made at Fri Sep 12 08:17:47 UTC 2025
Changes made at Fri Sep 12 10:14:50 UTC 2025
Changes made at Fri Sep 12 14:13:05 UTC 2025
Changes made at Fri Sep 12 16:15:23 UTC 2025
Changes made at Sat Sep 13 08:15:45 UTC 2025
Changes made at Sat Sep 13 10:12:09 UTC 2025
Changes made at Sat Sep 13 14:10:08 UTC 2025
Changes made at Sat Sep 13 16:13:46 UTC 2025
Changes made at Sun Sep 14 08:15:49 UTC 2025
Changes made at Sun Sep 14 10:11:47 UTC 2025
Changes made at Sun Sep 14 14:10:43 UTC 2025
Changes made at Sun Sep 14 16:13:40 UTC 2025
Changes made at Mon Sep 15 08:19:02 UTC 2025
Changes made at Mon Sep 15 10:14:55 UTC 2025
Changes made at Mon Sep 15 14:14:32 UTC 2025
Changes made at Mon Sep 15 16:16:57 UTC 2025
Changes made at Tue Sep 16 08:19:14 UTC 2025
Changes made at Tue Sep 16 10:14:27 UTC 2025
Changes made at Tue Sep 16 14:14:12 UTC 2025
Changes made at Tue Sep 16 16:17:16 UTC 2025
Changes made at Wed Sep 17 08:18:21 UTC 2025
Changes made at Wed Sep 17 10:14:30 UTC 2025
Changes made at Wed Sep 17 14:13:35 UTC 2025
Changes made at Wed Sep 17 16:17:28 UTC 2025
Changes made at Thu Sep 18 08:17:59 UTC 2025
Changes made at Thu Sep 18 10:14:30 UTC 2025
Changes made at Thu Sep 18 14:14:12 UTC 2025
Changes made at Thu Sep 18 16:16:30 UTC 2025
Changes made at Fri Sep 19 08:18:07 UTC 2025
Changes made at Fri Sep 19 10:15:18 UTC 2025
Changes made at Fri Sep 19 14:13:22 UTC 2025
Changes made at Fri Sep 19 16:16:24 UTC 2025
Changes made at Sat Sep 20 08:16:05 UTC 2025
Changes made at Sat Sep 20 10:12:36 UTC 2025
Changes made at Sat Sep 20 14:11:10 UTC 2025
Changes made at Sat Sep 20 16:14:33 UTC 2025
Changes made at Sun Sep 21 08:15:07 UTC 2025
Changes made at Sun Sep 21 10:12:36 UTC 2025
Changes made at Sun Sep 21 14:10:50 UTC 2025
Changes made at Sun Sep 21 16:14:44 UTC 2025
Changes made at Mon Sep 22 08:19:35 UTC 2025
Changes made at Mon Sep 22 10:15:49 UTC 2025
Changes made at Mon Sep 22 14:14:42 UTC 2025
Changes made at Mon Sep 22 16:17:14 UTC 2025
Changes made at Tue Sep 23 08:18:36 UTC 2025
Changes made at Tue Sep 23 10:14:31 UTC 2025
Changes made at Tue Sep 23 14:14:02 UTC 2025
Changes made at Tue Sep 23 16:17:25 UTC 2025
Changes made at Wed Sep 24 08:19:06 UTC 2025
Changes made at Wed Sep 24 10:14:42 UTC 2025
Changes made at Wed Sep 24 14:11:54 UTC 2025
Changes made at Wed Sep 24 16:17:42 UTC 2025
Changes made at Thu Sep 25 08:18:46 UTC 2025
Changes made at Thu Sep 25 10:14:37 UTC 2025
Changes made at Thu Sep 25 14:14:03 UTC 2025
Changes made at Thu Sep 25 16:16:53 UTC 2025
Changes made at Fri Sep 26 08:19:46 UTC 2025
Changes made at Fri Sep 26 10:14:16 UTC 2025
Changes made at Fri Sep 26 14:12:34 UTC 2025
Changes made at Fri Sep 26 16:16:53 UTC 2025
Changes made at Sat Sep 27 08:15:40 UTC 2025
Changes made at Sat Sep 27 10:12:28 UTC 2025
Changes made at Sat Sep 27 14:10:51 UTC 2025
Changes made at Sat Sep 27 16:14:25 UTC 2025
Changes made at Sun Sep 28 08:15:28 UTC 2025
Changes made at Sun Sep 28 10:12:21 UTC 2025
Changes made at Sun Sep 28 14:10:16 UTC 2025
Changes made at Sun Sep 28 16:13:53 UTC 2025
Changes made at Mon Sep 29 08:20:34 UTC 2025
Changes made at Mon Sep 29 10:15:15 UTC 2025
Changes made at Mon Sep 29 14:14:03 UTC 2025
Changes made at Mon Sep 29 16:14:16 UTC 2025
Changes made at Tue Sep 30 08:19:42 UTC 2025
Changes made at Tue Sep 30 10:14:36 UTC 2025
Changes made at Tue Sep 30 14:14:15 UTC 2025
Changes made at Tue Sep 30 16:17:37 UTC 2025
Changes made at Wed Oct  1 08:19:16 UTC 2025
Changes made at Wed Oct  1 10:14:40 UTC 2025
Changes made at Wed Oct  1 14:13:58 UTC 2025
Changes made at Wed Oct  1 16:17:16 UTC 2025
Changes made at Thu Oct  2 08:17:43 UTC 2025
Changes made at Thu Oct  2 10:13:35 UTC 2025
Changes made at Thu Oct  2 14:13:24 UTC 2025
Changes made at Thu Oct  2 16:16:36 UTC 2025
Changes made at Fri Oct  3 08:17:45 UTC 2025
Changes made at Fri Oct  3 10:14:09 UTC 2025
Changes made at Fri Oct  3 14:12:54 UTC 2025
Changes made at Fri Oct  3 16:15:58 UTC 2025
Changes made at Sat Oct  4 08:15:28 UTC 2025
Changes made at Sat Oct  4 10:12:21 UTC 2025
Changes made at Sat Oct  4 14:10:43 UTC 2025
Changes made at Sat Oct  4 16:15:02 UTC 2025
Changes made at Sun Oct  5 08:15:51 UTC 2025
Changes made at Sun Oct  5 10:12:41 UTC 2025
Changes made at Sun Oct  5 14:10:47 UTC 2025
Changes made at Sun Oct  5 16:14:19 UTC 2025
Changes made at Mon Oct  6 08:19:09 UTC 2025
Changes made at Mon Oct  6 10:15:42 UTC 2025
Changes made at Mon Oct  6 14:13:44 UTC 2025
Changes made at Mon Oct  6 16:17:02 UTC 2025
Changes made at Tue Oct  7 08:19:11 UTC 2025
Changes made at Tue Oct  7 10:14:28 UTC 2025
Changes made at Tue Oct  7 14:14:16 UTC 2025
Changes made at Tue Oct  7 16:16:58 UTC 2025
Changes made at Wed Oct  8 08:19:32 UTC 2025
Changes made at Wed Oct  8 10:14:30 UTC 2025
Changes made at Wed Oct  8 14:14:07 UTC 2025
Changes made at Wed Oct  8 16:17:22 UTC 2025
Changes made at Thu Oct  9 08:19:00 UTC 2025
Changes made at Thu Oct  9 10:15:15 UTC 2025
Changes made at Thu Oct  9 14:13:56 UTC 2025
Changes made at Thu Oct  9 16:18:27 UTC 2025
Changes made at Fri Oct 10 08:18:55 UTC 2025
Changes made at Fri Oct 10 10:15:20 UTC 2025
Changes made at Fri Oct 10 14:13:50 UTC 2025
Changes made at Fri Oct 10 16:17:03 UTC 2025
Changes made at Sat Oct 11 08:16:18 UTC 2025
Changes made at Sat Oct 11 10:12:58 UTC 2025
Changes made at Sat Oct 11 14:10:16 UTC 2025
Changes made at Sat Oct 11 16:14:29 UTC 2025
Changes made at Sun Oct 12 08:16:16 UTC 2025
Changes made at Sun Oct 12 10:13:03 UTC 2025
Changes made at Sun Oct 12 14:11:10 UTC 2025
Changes made at Sun Oct 12 16:14:51 UTC 2025
Changes made at Mon Oct 13 08:20:29 UTC 2025
Changes made at Mon Oct 13 10:17:09 UTC 2025
Changes made at Mon Oct 13 14:14:57 UTC 2025
Changes made at Mon Oct 13 16:17:34 UTC 2025
Changes made at Tue Oct 14 08:17:52 UTC 2025
Changes made at Tue Oct 14 10:15:02 UTC 2025
Changes made at Tue Oct 14 14:14:26 UTC 2025
Changes made at Tue Oct 14 16:17:47 UTC 2025
Changes made at Wed Oct 15 08:19:47 UTC 2025
Changes made at Wed Oct 15 10:15:54 UTC 2025
Changes made at Wed Oct 15 14:15:00 UTC 2025
Changes made at Wed Oct 15 16:14:54 UTC 2025
Changes made at Thu Oct 16 08:20:05 UTC 2025
Changes made at Thu Oct 16 10:15:49 UTC 2025
Changes made at Thu Oct 16 14:14:25 UTC 2025
Changes made at Thu Oct 16 16:18:25 UTC 2025
Changes made at Fri Oct 17 08:19:33 UTC 2025
Changes made at Fri Oct 17 10:15:07 UTC 2025
Changes made at Fri Oct 17 14:13:49 UTC 2025
Changes made at Fri Oct 17 16:16:55 UTC 2025
Changes made at Sat Oct 18 08:16:53 UTC 2025
Changes made at Sat Oct 18 10:12:55 UTC 2025
Changes made at Sat Oct 18 14:11:20 UTC 2025
Changes made at Sat Oct 18 16:15:16 UTC 2025
Changes made at Sun Oct 19 08:16:12 UTC 2025
Changes made at Sun Oct 19 10:13:00 UTC 2025
Changes made at Sun Oct 19 14:11:08 UTC 2025
Changes made at Sun Oct 19 16:14:57 UTC 2025
Changes made at Mon Oct 20 08:19:40 UTC 2025
Changes made at Mon Oct 20 10:15:50 UTC 2025
Changes made at Mon Oct 20 14:13:24 UTC 2025
Changes made at Mon Oct 20 16:17:34 UTC 2025
Changes made at Tue Oct 21 08:20:06 UTC 2025
Changes made at Tue Oct 21 10:15:16 UTC 2025
Changes made at Tue Oct 21 14:13:30 UTC 2025
Changes made at Tue Oct 21 16:18:49 UTC 2025
Changes made at Wed Oct 22 08:21:18 UTC 2025
Changes made at Wed Oct 22 10:15:59 UTC 2025
Changes made at Wed Oct 22 14:15:32 UTC 2025
Changes made at Wed Oct 22 16:18:49 UTC 2025
Changes made at Thu Oct 23 08:19:53 UTC 2025
Changes made at Thu Oct 23 10:15:31 UTC 2025
Changes made at Thu Oct 23 14:14:30 UTC 2025
Changes made at Thu Oct 23 16:17:50 UTC 2025
Changes made at Fri Oct 24 08:19:11 UTC 2025
Changes made at Fri Oct 24 10:15:44 UTC 2025
Changes made at Fri Oct 24 14:14:34 UTC 2025
Changes made at Fri Oct 24 16:17:42 UTC 2025
Changes made at Sat Oct 25 08:16:19 UTC 2025
Changes made at Sat Oct 25 10:13:13 UTC 2025
Changes made at Sat Oct 25 14:11:46 UTC 2025
Changes made at Sat Oct 25 16:15:27 UTC 2025
Changes made at Sun Oct 26 08:16:54 UTC 2025
Changes made at Sun Oct 26 10:13:24 UTC 2025
Changes made at Sun Oct 26 14:11:54 UTC 2025
Changes made at Sun Oct 26 16:15:24 UTC 2025
Changes made at Mon Oct 27 08:20:19 UTC 2025
Changes made at Mon Oct 27 10:17:24 UTC 2025
Changes made at Mon Oct 27 14:14:50 UTC 2025
Changes made at Mon Oct 27 16:18:31 UTC 2025
Changes made at Tue Oct 28 08:19:38 UTC 2025
Changes made at Tue Oct 28 10:16:25 UTC 2025
Changes made at Tue Oct 28 14:14:44 UTC 2025
Changes made at Tue Oct 28 16:18:55 UTC 2025
Changes made at Wed Oct 29 08:19:51 UTC 2025
Changes made at Wed Oct 29 10:15:40 UTC 2025
Changes made at Wed Oct 29 14:14:33 UTC 2025
Changes made at Wed Oct 29 16:19:02 UTC 2025
Changes made at Thu Oct 30 08:18:54 UTC 2025
Changes made at Thu Oct 30 10:15:39 UTC 2025
Changes made at Thu Oct 30 14:14:41 UTC 2025
Changes made at Thu Oct 30 16:18:53 UTC 2025
Changes made at Fri Oct 31 08:18:45 UTC 2025
Changes made at Fri Oct 31 10:15:10 UTC 2025
Changes made at Fri Oct 31 14:14:18 UTC 2025
Changes made at Fri Oct 31 16:17:42 UTC 2025
Changes made at Sat Nov  1 08:16:34 UTC 2025
Changes made at Sat Nov  1 10:13:33 UTC 2025
Changes made at Sat Nov  1 14:11:45 UTC 2025
Changes made at Sat Nov  1 16:14:31 UTC 2025
Changes made at Sun Nov  2 08:15:53 UTC 2025
Changes made at Sun Nov  2 10:13:14 UTC 2025
Changes made at Sun Nov  2 14:11:41 UTC 2025
Changes made at Sun Nov  2 16:14:50 UTC 2025
Changes made at Mon Nov  3 08:20:43 UTC 2025
Changes made at Mon Nov  3 10:17:26 UTC 2025
Changes made at Mon Nov  3 14:14:48 UTC 2025
Changes made at Mon Nov  3 16:16:56 UTC 2025
Changes made at Tue Nov  4 08:20:22 UTC 2025
Changes made at Tue Nov  4 10:17:07 UTC 2025
Changes made at Tue Nov  4 14:14:35 UTC 2025
Changes made at Tue Nov  4 16:18:02 UTC 2025
Changes made at Wed Nov  5 08:19:41 UTC 2025
Changes made at Wed Nov  5 10:16:24 UTC 2025
Changes made at Wed Nov  5 14:14:34 UTC 2025
Changes made at Wed Nov  5 16:18:54 UTC 2025
Changes made at Thu Nov  6 08:19:48 UTC 2025
Changes made at Thu Nov  6 10:17:03 UTC 2025
Changes made at Thu Nov  6 14:15:06 UTC 2025
Changes made at Thu Nov  6 16:18:57 UTC 2025
Changes made at Fri Nov  7 08:19:54 UTC 2025
Changes made at Fri Nov  7 10:16:05 UTC 2025
Changes made at Fri Nov  7 14:14:16 UTC 2025
Changes made at Fri Nov  7 16:15:16 UTC 2025
Changes made at Sat Nov  8 08:17:06 UTC 2025
Changes made at Sat Nov  8 10:13:20 UTC 2025
Changes made at Sat Nov  8 14:11:46 UTC 2025
Changes made at Sat Nov  8 16:15:19 UTC 2025
Changes made at Sun Nov  9 08:16:12 UTC 2025
Changes made at Sun Nov  9 10:13:13 UTC 2025
Changes made at Sun Nov  9 14:11:25 UTC 2025
Changes made at Sun Nov  9 16:15:00 UTC 2025
Changes made at Mon Nov 10 08:21:34 UTC 2025
Changes made at Mon Nov 10 10:17:29 UTC 2025
Changes made at Mon Nov 10 14:14:52 UTC 2025
Changes made at Mon Nov 10 16:19:02 UTC 2025
Changes made at Tue Nov 11 08:19:23 UTC 2025
Changes made at Tue Nov 11 10:16:23 UTC 2025
Changes made at Tue Nov 11 14:14:50 UTC 2025
Changes made at Tue Nov 11 16:18:15 UTC 2025
Changes made at Wed Nov 12 08:20:13 UTC 2025
Changes made at Wed Nov 12 10:16:49 UTC 2025
Changes made at Wed Nov 12 14:18:17 UTC 2025
Changes made at Wed Nov 12 16:19:54 UTC 2025
Changes made at Thu Nov 13 08:20:08 UTC 2025
Changes made at Thu Nov 13 10:16:35 UTC 2025
Changes made at Thu Nov 13 14:14:27 UTC 2025
Changes made at Thu Nov 13 16:18:04 UTC 2025
Changes made at Fri Nov 14 08:19:30 UTC 2025
Changes made at Fri Nov 14 10:16:44 UTC 2025
Changes made at Fri Nov 14 14:14:12 UTC 2025
Changes made at Fri Nov 14 16:18:20 UTC 2025
Changes made at Sat Nov 15 08:17:21 UTC 2025
Changes made at Sat Nov 15 10:13:26 UTC 2025
Changes made at Sat Nov 15 14:11:56 UTC 2025
Changes made at Sat Nov 15 16:14:45 UTC 2025
Changes made at Sun Nov 16 08:17:44 UTC 2025
Changes made at Sun Nov 16 10:13:52 UTC 2025
Changes made at Sun Nov 16 14:11:46 UTC 2025
Changes made at Sun Nov 16 16:15:29 UTC 2025
Changes made at Mon Nov 17 08:21:51 UTC 2025
Changes made at Mon Nov 17 10:16:49 UTC 2025
Changes made at Mon Nov 17 14:14:47 UTC 2025
Changes made at Mon Nov 17 16:20:08 UTC 2025
Changes made at Tue Nov 18 08:19:58 UTC 2025
Changes made at Tue Nov 18 10:17:26 UTC 2025
Changes made at Tue Nov 18 14:14:34 UTC 2025
Changes made at Tue Nov 18 16:19:57 UTC 2025
Changes made at Wed Nov 19 08:19:44 UTC 2025
Changes made at Wed Nov 19 10:16:27 UTC 2025
Changes made at Wed Nov 19 14:14:34 UTC 2025
Changes made at Wed Nov 19 16:19:39 UTC 2025
Changes made at Thu Nov 20 08:20:40 UTC 2025
Changes made at Thu Nov 20 10:16:05 UTC 2025
Changes made at Thu Nov 20 14:14:14 UTC 2025
Changes made at Thu Nov 20 16:18:58 UTC 2025
Changes made at Fri Nov 21 08:20:38 UTC 2025
Changes made at Fri Nov 21 10:15:17 UTC 2025
Changes made at Fri Nov 21 14:14:14 UTC 2025
Changes made at Fri Nov 21 16:18:35 UTC 2025
